<?xml version="1.0" encoding="UTF-8"?><rss version="2.0"
	xmlns:content="http://purl.org/rss/1.0/modules/content/"
	xmlns:wfw="http://wellformedweb.org/CommentAPI/"
	xmlns:dc="http://purl.org/dc/elements/1.1/"
	xmlns:atom="http://www.w3.org/2005/Atom"
	xmlns:sy="http://purl.org/rss/1.0/modules/syndication/"
	xmlns:slash="http://purl.org/rss/1.0/modules/slash/"
	>

<channel>
	<title>artificg</title>
	<atom:link href="./index.html" rel="self" type="application/rss+xml" />
	<link>./../index.html</link>
	<description>Welcome to my new blog</description>
	<lastBuildDate>Tue, 16 Mar 2021 03:23:22 +0000</lastBuildDate>
	<language>en-US</language>
	<sy:updatePeriod>
	hourly	</sy:updatePeriod>
	<sy:updateFrequency>
	1	</sy:updateFrequency>
	<generator>https://wordpress.org/?v=5.7</generator>
	<item>
		<title>Machine Learning</title>
		<link>./../machine-learning-by-preeti/index.html</link>
					<comments>./../machine-learning-by-preeti/index.html#comments</comments>
		
		<dc:creator><![CDATA[priyasi]]></dc:creator>
		<pubDate>Mon, 15 Mar 2021 16:39:26 +0000</pubDate>
				<category><![CDATA[Uncategorized]]></category>
		<guid isPermaLink="false">./../index.html?p=5</guid>

					<description><![CDATA[Machine learning (ML) is the study of computer algorithms that improve automatically through experience and by the use of data. ]]></description>
										<content:encoded><![CDATA[
<p><strong><em>Machine learning (ML)</em></strong> is the study of computer algorithms that improve automatically through experience and by the use of data. It is seen as a part of <a href="http:ai.com">artificial intelligence.</a> Machine learning algorithms build a model based on sample data, known as &#8220;training data&#8221;, in order to make predictions or decisions without being explicitly programmed to do so.</p>



<p>Because of new computing technologies, machine learning today is not like machine learning of the past. It was born from pattern recognition and the theory that computers can learn without being programmed to perform specific tasks; researchers interested in artificial intelligence wanted to see if computers could learn from data.&nbsp;The iterative aspect of machine learning is important because as models are exposed to new data, they are able to independently adapt. They learn from previous computations to produce reliable, repeatable decisions and results. It’s a science that’s not new – but one&nbsp;that has gained&nbsp;fresh momentum.</p>



<p>While many machine learning algorithms have been around for a long time, the ability to automatically apply complex mathematical calculations to&nbsp;<a href="https://www.sas.com/en_us/insights/big-data/what-is-big-data.html">big data</a>&nbsp;– over and over, faster and faster – is a recent development. Here are a few widely publicized examples of machine learning applications you may be familiar with:</p>



<ul><li>The heavily hyped, self-driving Google car? The essence of machine learning.</li><li>Online recommendation offers such as those from Amazon and Netflix? Machine learning applications for everyday life.</li><li>Knowing what customers are saying about you on Twitter? Machine learning combined with linguistic rule creation.</li><li>Fraud detection? One of the more obvious, important uses in our world today.</li></ul>



<p></p>
]]></content:encoded>
					
					<wfw:commentRss>./../machine-learning-by-preeti/feed/index.html</wfw:commentRss>
			<slash:comments>1</slash:comments>
		
		
			</item>
		<item>
		<title>Hello world!</title>
		<link>./../hello-world/index.html</link>
					<comments>./../hello-world/index.html#comments</comments>
		
		<dc:creator><![CDATA[priyasi]]></dc:creator>
		<pubDate>Mon, 15 Mar 2021 16:32:51 +0000</pubDate>
				<category><![CDATA[Uncategorized]]></category>
		<guid isPermaLink="false">./../index.html?p=1</guid>

					<description><![CDATA[Welcome to WordPress. This is your first post. Edit or delete it, then start writing!]]></description>
										<content:encoded><![CDATA[
<p>Welcome to WordPress. This is your first post. Edit or delete it, then start writing!</p>
]]></content:encoded>
					
					<wfw:commentRss>./../hello-world/feed/index.html</wfw:commentRss>
			<slash:comments>1</slash:comments>
		
		
			</item>
	</channel>
</rss>
