<?xml version="1.0" encoding="UTF-8"?><rss version="2.0"
	xmlns:content="http://purl.org/rss/1.0/modules/content/"
	xmlns:dc="http://purl.org/dc/elements/1.1/"
	xmlns:atom="http://www.w3.org/2005/Atom"
	xmlns:sy="http://purl.org/rss/1.0/modules/syndication/"
	
	>
<channel>
	<title>
	Comments on: Machine Learning	</title>
	<atom:link href="./index.html" rel="self" type="application/rss+xml" />
	<link>./../index.html</link>
	<description>Welcome to my new blog</description>
	<lastBuildDate>Tue, 16 Mar 2021 03:31:58 +0000</lastBuildDate>
	<sy:updatePeriod>
	hourly	</sy:updatePeriod>
	<sy:updateFrequency>
	1	</sy:updateFrequency>
	<generator>https://wordpress.org/?v=5.7</generator>
	<item>
		<title>
		By: priyasi		</title>
		<link>./../index.html#comment-2</link>

		<dc:creator><![CDATA[priyasi]]></dc:creator>
		<pubDate>Tue, 16 Mar 2021 03:31:58 +0000</pubDate>
		<guid isPermaLink="false">./../../index.html?p=5#comment-2</guid>

					<description><![CDATA[amazing blog]]></description>
			<content:encoded><![CDATA[<p>amazing blog</p>
]]></content:encoded>
		
			</item>
	</channel>
</rss>
